TestNo,BLOCK_X,BLOCK_Y,BLOCK_Z,Score_1,Score_2,Score_3,Score_Overall
1,16,1,1,2.21636104584,2.21865797043,2.23643088341,2.21865797043
